Activelee,HUNTER,AAECAR8G+AiG0wKc4gK26gKA8wKggAMMjQGXCKvCAtjCAsrDApzNAt3SAovhAuHjAvLxArn4AtiMAwA=,Deathrattle Hunter
Activelee,PRIEST,AAECAZ/HAgbFBMrDAtPFAsnHApDTAuiUAwyQAqEE5QSNCNUK8gzRwQLo0ALL5gL86gKJ8QLoiQMA,Control Priest
Activelee,ROGUE,AAECAaIHBrICyAOvBP3qAp74Auf6AgyMAssD1AXdCIHCAp/CAuvCAsrDAtHhAovlAqbvAvr+AgA=,Odd Rogue
Alan870806,DRUID,AAECAZICCP4BtAPFBOQImdMCm+gC5PsC9fwCC0Bf6QHTA8QGoM0Ch84CmNICntIC29MCv/ICAA==,Malygos Druid
Alan870806,HUNTER,AAECAR8MjQHHA4cEyQS7BZ3MAt/SAobTAuHjAsn4AqeCA5uFAwmoArUDgQqOwwLd0gLj0gKL5QKghQOkiAMA,Secret Hunter
Alan870806,PALADIN,AAECAZ8FDLcE8gX6BooHlgm5wQKbywLCzgK36QLN9ALr9wL9+wIJ3AP0Bc8Grwf2B/4Hs8ECiMcClugCAA==,Even Paladin
Alan870806,PRIEST,AAECAa0GCMUE1Qr7DMrDAtPFApDTAonxAr3zAguQAqEE5QT2B40I8gzRwQLJxwLo0ALL5gL86gIA,Control Priest
amnesiac,HUNTER,AAECAR8MjQGHBMkE3gS7Bd3SAt/SAobTAuHjAsn4AqeCA5uFAwmoArUDxwOBCo7DAuPSAovlAqCFA6SIAwA=,Secret Hunter
amnesiac,PRIEST,AAECAZ/HAgrFBNUK08UCyccCkNMCifECvfMC4/cC6IkD6JQDCpACoQTlBPYHjQjyDNHBAujQAsvmAvzqAgA=,Control Priest
amnesiac,ROGUE,AAECAaIHBrICyAOvBP3qAp74Auf6AgyMAssD1AXdCIHCAp/CAuvCAsrDAtHhAovlAqbvAvr+AgA=,Odd Rogue
Ant,HUNTER,#  AAECAR8EuwXbCYbTAsn4Ag2NAagCtQPeBJcI7QmBCo7DAt3SAuHjAovlAqCFA6SIAwA= #,Midrange Hunter
Ant,PRIEST,#  AAECAa0GCgm0A9MK1wq+yALCzgKQ0wLy8QKggAONggMKlwKhBNHBAtjBAuXMAvDPAujQAuPpAp/rApeHAwA= #,Clone Priest
Ant,ROGUE,AAECAaIHBqICrwT96gKe+ALn+gKFigMMjALLA9QF9QXdCIHCAp/CAuvCAsrDAtHhAovlAqbvAgA=,Odd Rogue
Ant,WARRIOR,#  AAECAQcI+QzTxQLPxwKL4QLD6gKS+AKe+AKggAMLS6ICkwSiBP8Hm8ICoscCyucCg/sCjvsCnvsCAA== #,Odd Warrior
Apxvoid,HUNTER,AAECAR8EuwXbCYbTAu/xAg2NAagCtQPeBJcIgQqOwwLd0gLh4wKL5QLJ+AKghQOkiAMA,Midrange Hunter
Apxvoid,PRIEST,AAECAa0GCgm0A9MK1wq+yAK0zgLCzgKC9wKggAONggMKlwKhBNHBAtjBAuXMAvDPAujQAuPpAp/rApeHAwA=,Clone Priest
Apxvoid,WARLOCK,AAECAf0GCpwC7QXTxQKQxwLO6QK38QKc+ALx+wKggAOPggMKxAj7DJfBAufLAvLQAojSAsfTApboAtf+AteJAwA=,Mecha'thun Warlock
Arden,HUNTER,AAECAR8MjQHHA4cEyQS7Ba4GncwC39IChtMCyfgCp4IDm4UDCagCtQOBCo7DAt3SAuPSAovlAqCFA6SIAwA=,Secret Hunter
Arden,PALADIN,AAECAZ8FDLcE8gX6BooHlgm5wQLCzgK36QLN9ALr9wL9+wLAjwMJ3AP0Bc8Grwf2B/4Hs8ECiMcClugCAA==,Even Paladin
Arden,PRIEST,AAECAa0GCMUE1Qr7DMrDAtPFApDTAonxAr3zAguQAqEE5QT2B40I8gzRwQLJxwLo0ALL5gL86gIA,Control Priest
Arden,WARLOCK,AAECAf0GBooB+wemzgLCzgKX0wLN9AIM8gX7BooHtgfhB40I58sC8dAC/dACiNIC2OUC6uYCAA==,Even Warlock
bloodyface,DRUID,AAECAZICBPnAAv3rAsX9ApaKAw3pAf4B0wPEBqQH9gf7DJLSApjSAp7SAr/yAo/2AsaGAwA=,Mecha'thun Druid
bloodyface,PRIEST,AAECAa0GBooBiAXtBdEKlsQCpvACDPsB5QTRwQLYwQLwzwLo0AKp4gKC9wKh/gLQ/gLxgAOXhwMA,Turvy OTK Priest
bloodyface,ROGUE,AAECAaIHCIgF/MEChsICgNMCz+ECw+oC4PoCoIADC8QBnALtAp8DmwXUBYYJl8ECx9MC2+MC9uwCAA==,Quest Rogue
bobbyex,HUNTER,AAECAYoWCPgIxsICysMChtMCnOICtuoCgPMCoIADC40BlwirwgLYwgKczQLTzQLd0gKL4QLh4wLy8QK5+AIA,Deathrattle Hunter
bobbyex,PALADIN,AAECAaToAgq3BPIF+gaKB7nBAsLOArfpAs30Auv3Av37AgrcA/QFzwavB/YH/geWCbPBAojHApboAgA=,Even Paladin
bobbyex,PRIEST,AAECAa0GCgm0A9MK1wq+yALCzgKQ0wLy8QKggAONggMKlwKhBNHBAtjBAuXMAvDPAujQAuPpAp/rApeHAwA=,Clone Priest
bobbyex,ROGUE,AAECAaIHCLQBzQOGwgKA0wLP4QLD6gLg+gKggAMLxAGcAu0CnwPUBYYJl8EC/MECx9MC2+MC9uwCAA==,Quest Rogue
caravaggio8,HUNTER,AAECAR8KjQHHA4cEyQS7BZ3MAt/SAobTAqeCA5uFAwqoArUDgQqOwwLd0gLj0gKL5QLJ+AKghQOkiAMA,Secret Hunter
caravaggio8,PALADIN,AAECAZ8FCO0Frwe5wQKO0wLj4wLD6gL9+wK9hgMLugH7AdwD9AXPBvYHiMcC48sC7dIC+NICz4YDAA==,OTK DK Paladin
caravaggio8,PRIEST,AAECAa0GBsUE1Qr7DNPFApDTApeHAwyQAqEE5QT2B40I8gzRwQLJxwLo0ALL5gL86gK98wIA,Control Priest
caravaggio8,WARLOCK,AAECAf0GBvsHps4Cws4Cl9MCzfQCwI8DDIoB8gX7BooHtgfhB40I58sC8dAC/dACiNIC2OUCAA==,Even Warlock
Cesky,HUNTER,AAECAR8K3gX4CMbCAtPFAtPNAobTApziArbqAoDzAqCAAwqNAZcIq8IC2MICnM0C3dICi+EC4eMC8vECufgCAA==,Deathrattle Hunter
Cesky,PRIEST,AAECAa0GCAm0A9MK5cwCkNMCgvcCoIADjYIDC5cCoQTlBNYK0cEC2MECtM4C8M8C6NAC4+kCl4cDAA==,Clone Priest
Cesky,WARLOCK,AAECAf0GCooBkwSKB8nCApfTAp3iAtjnAtvpApz4AqCAAwr3BLYH4QfnywLy0AL40AKI0gKL4QL85QLo5wIA,Cube Warlock
cowboys367,HUNTER,AAECAR8MjQHHA4cEyQS7BZ3MAt/SAobTAuHjAsn4AqeCA5uFAwmoArUDgQqOwwLd0gLj0gKL5QKghQOkiAMA,Secret Hunter
cowboys367,PALADIN,AAECAaToAgq3BPIF+gaKB7nBAsLOArfpAs30Auv3Av37AgrcA/QFzwavB/YH/geWCbPBAojHApboAgA=,Even Paladin
cowboys367,PRIEST,AAECAa0GCAm0A9MKvsgC5swCws4CoIADjYIDC5cCoQTRwQLYwQLlzAK0zgLwzwLo0ALj6QKf6wKXhwMA,Clone Priest
cowboys367,WARRIOR,AAECAQcI3gX5DNPFAs/HAsPqApL4Ap74AqCAAwtLogKTBKIE/webwgKixwLK5wKD+wKO+wKe+wIA,Odd Warrior
Cydonia,HUNTER,AAECAR8MxwOHBMkE3gS7BdsJncwC39IChtMCyfgCp4IDm4UDCagCtQOBCo7DAt3SAuPSAovlAqCFA6SIAwA=,Secret Hunter
Cydonia,PALADIN,AAECAaToAgq3BPIF+gaKB7nBAsLOArfpAs30Auv3Av37AgrcA/QFzwavB/YH/geWCbPBAojHApboAgA=,Even Paladin
Cydonia,ROGUE,AAECAaIHBsgDrwTKywKe+ALn+gKFigMMjALLA9QF9QXdCIHCAp/CAuvCAsrDAtHhAovlAqbvAgA=,Odd Rogue
Cydonia,WARLOCK,AAECAfqUAwaKB/gMps4Cws4Cl9MCzfQCDPIF+wa2B+EH+weNCOfLAvHQAv3QAojSAtjlAurmAgA=,Even Warlock
DeathstarV3,HUNTER,AAECAR8EuwWG0wLh4wLjiwMNjQGoArUD3gSXCNsJjsMC3dICi+UC7/ECyfgCoIUDpIgDAA== #,Midrange Hunter
DeathstarV3,PRIEST,AAECAa0GCMUE1QrTxQLJxwLPxwKQ0wK98wLolAMLkAKhBOUE9geNCPIM0cEC6NACy+YC/OoC6IkDAA==,Control Priest
DeathstarV3,WARLOCK,AAECAf0GBPgMws4Cl9MCzfQCDfIF+waKB7YH4Qf7B40I58sC8dAC/dACiNIC2OUC6uYCAA==,Even Warlock
docpwn,HUNTER,AAECAR8MxwOHBMkE3gS7BdsJncwC39IChtMCyfgCp4IDm4UDCagCtQOBCo7DAt3SAuPSAovlAqCFA6SIAwA=,Secret Hunter
docpwn,PALADIN,AAECAZ8FCpkCtwTyBfoGlgm5wQLCzgLN9ALr9wL9+wIK3AP0Bc8GigevB/YH/gezwQKIxwKW6AIA,Even Paladin
docpwn,PRIEST,AAECAa0GCMUE1Qr7DMrDAtPFApDTAonxAr3zAguQAqEE5QT2B40I8gzRwQLJxwLo0ALL5gL86gIA,Control Priest
docpwn,WARLOCK,AAECAfqUAwiKAYoH+wf4DKbOAsLOApfTAs30AgvyBfsGtgfhB40I58sC8dAC/dACiNIC2OUC6uYCAA==,Even Warlock
dog,HUNTER,AAECAR8K+AjGwgLTxQLTzQKnzgKG0wKc4gK26gKA8wKggAMKjQGXCKvCAtjCApzNAt3SAovhAuHjAvLxArn4AgA=,Deathrattle Hunter
dog,PRIEST,AAECAa0GCAm0A9cKvsgC8vECgvcCoIADjYIDC5cCoQTRwQLYwQLlzAK0zgLwzwLo0ALj6QKf6wKXhwMA,Clone Priest
dog,WARLOCK,AAECAf0GCpwC7QWKB5DHAs7pArfxApz4AvH7AqCAA4+CAwrECPsMl8EC58sC8tACiNICx9MClugC1/4C14kDAA==,Mecha'thun Warlock
ETC,HUNTER,AAECAR8MjQHHA4cEyQS7BZ3MAt/SAobTAuHjAsn4AqeCA5uFAwmoArUDgQqOwwLd0gLj0gKL5QKghQOkiAMA,Secret Hunter
ETC,PALADIN,AAECAaToAgq3BPIF+gaKB7nBAsLOArfpAs30Auv3Av37AgrcA/QFzwavB/YH/geWCbPBAojHApboAgA=,Even Paladin
ETC,PRIEST,AAECAa0GCMUE1Qr7DMrDAtPFApDTAonxAr3zAguQAqEE5QT2B40I8gzRwQLJxwLo0ALL5gL86gIA,Control Priest
ETC,WARLOCK,AAECAf0GBooB+wfCzgKX0wLN9ALAjwMM8gX7BooHtgfhB40I58sC8dAC/dACiNIC2OUC6uYCAA==,Even Warlock
fibonacci,HUNTER,AAECAR8E2wnp0gKG0wKbhQMNjQG1A8kElwjFCN3SAt/SAuPSAuHjAurjAtzuAof7AqKKAwA=,Spell Hunter
fibonacci,PRIEST,AAECAa0GCMUE1Qr7DMrDAtPFApDTAonxAr3zAguQAqEE5QT2B40I8gzRwQLJxwLo0ALL5gL86gIA,Control Priest
fibonacci,WARLOCK,AAECAf0GBJMBws4Cl9MCzfQCDfIF+waKB7YH4Qf7B40I58sC8dAC/dACiNIC2OUC6uYCAA==,Even Warlock
fibonacci,WARRIOR,AAECAQcEkAef0wKS+AKggAMNS6IEkQb/B7II+wy+wwKOzgLP5wKb8wL09QKD+wKe+wIA,Control Warrior
Firebat,HUNTER,AAECAR8K+AjGwgLTxQLTzQKG0wKc4gK26gLL7AKA8wKggAMKjQGXCKvCAtjCApzNAt3SAovhAuHjAvLxArn4AgA=,Deathrattle Hunter
Firebat,PALADIN,AAECAZ8FDPsB0gS5wQLJwgKr0AKO0wKd4gL9+wLx/gKggAO9hgPmhgMJ3AP0Bc8G9geIxwLjywL40gKL4QKRgAMA,Deathrattle Paladin
Firebat,ROGUE,AAECAaIHCM0DiAWGwgKA0wLP4QLD6gLg+gKggAMLxAGcAu0CnwObBdQFhgmXwQLH0wLb4wL27AIA,Quest Rogue
Firebat,WARLOCK,AAECAfqUAwb7B6DOAsLOApfTAtjnAs30AgzyBfsGige2B+EHjQjnywLx0AL90AKI0gLY5QLq5gIA,Even Warlock
Flamekilla,MAGE,AAECAc2xAgrQAsrDAsLOApvTAvLTAtXhAsPqAqPrAqCAA6iHAwpNigHJA+wHm8IC08UClscC1+ECluQCt/ECAA==,Big Spell Mage
Flamekilla,PRIEST,AAECAZ/HAgbFBNUK08UCkNMCifEC6JQDDJACoQTlBI0I8gzRwQLKwwLJxwLo0ALL5gL86gLoiQMA,Control Priest
Flamekilla,SHAMAN,AAECAaoIDuvCAtPFAsnHAs/HAtHTApziAsPqAqfuAu/3Apn7AqCAA8uFA8GJA/OKAwj+Bf8Fx8ECm8ICscQC8+cCioUD7IkDAA==,Shudderwock Shaman
Flamekilla,WARRIOR,AAECAQcI+QydDc/HAsPqApruApL4Ap74AqCAAwtLogKiBP8Hm8IC08UCoscCyucCg/sCjvsCnvsCAA==,Odd Warrior
Fled,HUNTER,AAECAR8MjQHHA4cEyQS7BZ3MAt/SAobTAuHjAsn4AqeCA5uFAwmoArUDgQqOwwLd0gLj0gKL5QKghQOkiAMA,Secret Hunter
Fled,SHAMAN,AAECAaoIEJfBAtPFAs/HApvLAtHTApziAsPqAqfuAu/3Apn7AqCAA4qFA8uFA8GJA+yJA/OKAwf+Bf8Fx8ECm8ICscQCyccC8+cCAA==,Shudderwock Shaman
Fled,WARRIOR,AAECAQcGogLTwwKd8ALy8QKe+AKggAMMS6IE/webwgLKwwKixwLK5wKq7ALl7wKO+wKe+wLYjAMA,Odd Quest Warrior
fr0zen,HUNTER,AAECAR8EuwXbCYbTAu/xAg2NAagCtQPeBJcIgQqOwwLd0gLh4wKL5QLJ+AKghQOkiAMA,Midrange Hunter
fr0zen,PRIEST,AAECAZ/HAgoJtAPTCtcKvsgCws4C8vECgvcCoIADjYIDCpcCoQTRwQLYwQLlzALwzwLo0ALj6QKf6wKXhwMA,Clone Priest
fr0zen,WARLOCK,AAECAfqUAwqcAu0F08UCkMcCzukCt/ECnPgC8fsCoIADj4IDCsQI+wyXwQLnywLy0AKI0gLH0wKW6ALX/gLXiQMA,Mecha'thun Warlock
Gallon,HUNTER,AAECAR8KjQHHA4cErgadzALf0gKG0wLJ+AKnggObhQMKqAK1A8UIgQqOwwLd0gLj0gKL5QKghQOkiAMA,Secret Hunter
Gallon,PALADIN,AAECAZ8FCu0FucECycICq9ACjtMCneIC/fsC8f4CoIADvYYDCvsB3AP0Bc8G9geIxwLjywL40gKL4QKRgAMA,Deathrattle Paladin
Gallon,PRIEST,AAECAa0GBpACxQTTxQKQ0wKJ8QK98wIMoQTlBPYHjQjVCvIM0cECyccC6NACy+YC/OoC4/cCAA==,Control Priest
Gallon,WARLOCK,AAECAf0GBvsHps4Cws4Cl9MC6uYCzfQCDIoB8gX7BooHtgfhB40I58sC8dAC/dACiNIC2OUCAA==,Even Warlock
Guiyze,HUNTER,AAECAR8I3gX4CMbCAobTApziArbqAoDzAqCAAwuNAZcIq8IC2MICysMCnM0C3dICi+EC4eMC8vECufgCAA==,Deathrattle Hunter
Guiyze,MAGE,AAECAc2xAgKi0wLu9gIOvwG7AsUD2wP+A5YF4wXQB6cIncICscIC/eoCzu8C3oIDAA==,Murloc Mage
Guiyze,PALADIN,AAECAZ8FCO0FucECycICq9ACjtMC8f4CoIADvYYDC/sB3AP0Bc8G9gebwgKIxwLjywL40gKL4QKRgAMA,Deathrattle Paladin
Guiyze,PRIEST,AAECAa0GCAm0A77IArTOAsLOAvLxAqCAA42CAwuXAqEE0wrRwQLYwQLlzALwzwLo0ALj6QKf6wKXhwMA,Clone Priest
HotMEOWTH,HUNTER,AAECAR8MjQHHA4cEyQS7BZ3MAt/SAobTAuHjAsn4AqeCA5uFAwmoArUDgQqOwwLd0gLj0gKL5QKghQOkiAMA,Secret Hunter
HotMEOWTH,PALADIN,AAECAZ8FCrcE8gX6Bv4HucECws4Ct+kCzfQC6/cC/fsCCtwD9AXPBooHrwf2B5YJs8ECiMcClugCAA==,Even Paladin
HotMEOWTH,ROGUE,AAECAaIHBLICyAOvBOf6Ag20AYwCzQObBdQF7gaIB4YJ68IC3NECmuICpu8C1YwDAA==,Tempo Rogue
HotMEOWTH,WARLOCK,AAECAf0GBvsHps4Cp84Cws4Cl9MCzfQCDIoB8gX7BooHtgfhB40I58sC8dAC/dACiNIC2OUCAA==,Even Warlock
Ike,HUNTER,AAECAYoWCscDhwTJBLsFncwC39IChtMCyfgCp4IDm4UDCqgCtQPeBIEKjsMC3dIC49ICi+UCoIUDpIgDAA==,Secret Hunter
Ike,PRIEST,AAECAa0GBsUE1QrKwwKQ0wK98wLoiQMMkAKhBOUE9geNCPIM0cEC6NACy+YC/OoCifEC6JQDAA==,Control Priest
Ike,ROGUE,AAECAaIHBq8E9QWdDZ74Auf6Avr+AgyMAssD1AXdCIHCAp/CAuvCAsrDAsrLAtHhAovlAqbvAgA=,Odd Rogue
Ike,WARRIOR,AAECAQcIugT5DJ0N08UCw+oCkvgCnvgCoIADC0uiAqIE/webwgKixwKL4QLK5wKD+wKO+wKe+wIA,Odd Warrior
impact,HUNTER,AAECAR8G+AiG0wKc4gK26gKA8wKggAMMjQGXCKvCAtjCAsrDApzNAt3SAovhAuHjAvLxArn4AtiMAwA=,Deathrattle Hunter
impact,PRIEST,AAECAa0GBMUEyccCkNMC6JQDDZACoQTlBI0I1QryDNHBAsrDAujQAsvmAvzqAonxAuiJAwA=,Control Priest
impact,ROGUE,AAECAaIHBrICyAOvBP3qAp74Auf6AgyMAssD1AX1Bd0IgcICn8IC68IC0eECi+UCpu8C+v4CAA==,Odd Rogue
InquisitorM,HUNTER,AAECAR8OjQHHA4cEyQS7Ba4GncwC3dIC39IChtMC4eMCyfgCp4IDm4UDCKgCtQOBCo7DAuPSAovlAqCFA6SIAwA=,Secret Hunter
InquisitorM,PRIEST,AAECAa0GCJACxQTVConNApDTAonxAuP3AuiUAwuhBOUEjQjyDNHBAsrDAsnHAujQAsvmAvzqAuiJAwA=,Control Priest
InquisitorM,WARRIOR,AAECAQcI08UCz8cCi+ECw+oCmu4CkvgCnvgCoIADC0uiApMEogT/B5vCAqLHAsrnAoP7Ao77Ap77AgA=,Odd Warrior
Itachi,HUNTER,AAECAR8MjQHHA4cEyQS7Ba4GncwC39IChtMCyfgCp4IDm4UDCagCtQOBCo7DAt3SAuPSAovlAqCFA6SIAwA=,Secret Hunter
Itachi,PALADIN,AAECAaToAgSiAq8E7vcCnvgCDUbwA/UF+QqbwgLrwgKDxwK4xwLjywKVzgL70wLR4QLW5QIA,Odd Paladin
Itachi,PRIEST,AAECAZ/HAgjFBKIJ1QqQ0wKJ8QK98wKXhwPoiQMLkAKhBOUEjQjyDNHBAsrDAsnHAujQAsvmAvzqAgA=,Control Priest
Itachi,WARRIOR,AAECAQcKogKTBLoE08UCz8cCw+oCmu4CkvgCnvgCoIADCkuiBN4F/webwgKixwLK5wKD+wKO+wKe+wIA,Odd Warrior
Itzvan,HUNTER,AAECAR8K+AjGwgLTxQLTzQKG0wKc4gK26gLL7AKA8wKggAMKjQGXCKvCAtjCApzNAt3SAovhAuHjAvLxArn4AgA=,Deathrattle Hunter
Itzvan,PALADIN,AAECAZ8FCu0FucEC7dICjtMC4+MCw+oC/fsCvYYDz4YDzocDCroB+wHcA/QFzwb2B4jHAuPLAvjSAuyGAwA=,OTK DK Paladin
Itzvan,PRIEST,AAECAa0GCAm0A9MK5cwCkNMCgvcCoIADjYIDC5cCoQTlBNYK0cEC2MECtM4C8M8C6NAC4+kCl4cDAA==,Clone Priest
Itzvan,WARLOCK,AAECAf0GBKfOAsLOApfTAs30Ag3yBfsGige2B+EH+weNCOfLAvHQAv3QAojSAtjlAurmAgA=,Even Warlock
jakaso27,DRUID,AAECAZICBPnAAoTmAvH7AsX9Ag3pAf4B0wPEBqQH9gf7DJLSApjSAp7SAr/yAo/2AsaGAwA=,Mecha'thun Druid
jakaso27,HUNTER,AAECAR8KjQHHA4cEyQS7BZ3MAt/SAobTAqeCA5uFAwqoArUDgQqOwwLd0gLj0gKL5QLJ+AKghQOkiAMA,Secret Hunter
jakaso27,PALADIN,AAECAZ8FCp8D7QW5wQLt0gKO0wLj4wLD6gL9+wK9hgPPhgMKugH7AdwD9AXPBvYHiMcC48sC+NIC7IYDAA==,OTK DK Paladin
jakaso27,WARLOCK,AAECAf0GCO0F08UCkMcCzukCnPgC8fsCoIADj4IDC5wCxAj7DJfBAufLAvLQAojSAsfTApboAtf+AteJAwA=,Mecha'thun Warlock
Jay,DRUID,AAECAZICBPnAAoTmAvH7AsX9Ag3pAf4B0wPEBqQH9gf7DJLSApjSAp7SAr/yAo/2AsaGAwA=,Mecha'thun Druid
Jay,PRIEST,AAECAZ/HAgjlBO0FlsQCnccC3PUC8fsCiIID5ogDC4oB+wHRwQLKwwKezgLwzwLo0AKp4gLq5gKh/gKXhwMA,Mecha'thun Quest Priest
Jay,ROGUE,AAECAaIHCLQDwMwC5dECgNMC3+MC8OYCse4C7PwCC7QBxAHNA70EmwXGBYgHhgn3wQLb4wLe+gIA,Malygos Rogue
Joaquin,HUNTER,AAECAR8MjQHHA4cEyQS7Ba4GncwC39IChtMCyfgCp4IDm4UDCagCtQOBCo7DAt3SAuPSAovlAqCFA6SIAwA=,Secret Hunter
Joaquin,PALADIN,AAECAaToAgjtBbnBAojHAo7TAsPqAv37AoT8Ar2GAwu6AfsB3AP0Bc8G9gfjywLt0gL40gLPhgPshgMA,OTK DK Paladin
Joaquin,PRIEST,AAECAa0GBsUE9gfKwwLJxwKJzQKQ0wIMkAKhBOUEjQjVCvIM0cEC6NACy+YC/OoCifEC6IkDAA==,Control Priest
Joaquin,WARLOCK,AAECAf0GCJMEycICl9MCneIC6uYC2+kCnPgCoIADC4oB9wS2B+EH58sC8tAC+NACiNICi+EC/OUC6OcCAA==,Cube Warlock
justsaiyan,HUNTER,AAECAYoWBvgIhtMCnOICtuoCgPMCoIADDI0BlwirwgLYwgLKwwKczQLd0gKL4QLh4wLy8QK5+ALYjAMA,Deathrattle Hunter
justsaiyan,PRIEST,AAECAZ/HAgbFBMrDAtPFAsnHApDTAuiUAwyQAqEE5QSNCNUK8gzRwQLo0ALL5gL86gKJ8QLoiQMA,Control Priest
justsaiyan,ROGUE,AAECAaIHBrICyAOvBP3qAp74Auf6AgyMAssD1AXdCIHCAp/CAuvCAsrDAtHhAovlAqbvAvr+AgA=,Odd Rogue
Kevor24,DRUID,AAECAZICCLQDxQTEBuQImdMCm+gC5PsC9fwCC0Bf6QH+AdMDoM0Ch84CmNICntIC29MCv/ICAA==,Malygos Druid
Kevor24,HUNTER,AAECAR8MxwOHBMkE3gS7BdsJncwC39IChtMCyfgCp4IDm4UDCagCtQOBCo7DAt3SAuPSAovlAqCFA6SIAwA=,Secret Hunter
Kevor24,WARRIOR,AAECAQcI+QzTxQLPxwLD6gKa7gKS+AKe+AKggAMLS6ICkwSiBP8Hm8ICoscCyucCg/sCjvsCnvsCAA==,Odd Warrior
killinallday,HUNTER,AAECAR8EuwXbCYbTAsn4Ag2NAagCtQPeBJcI7QmBCo7DAt3SAuHjAovlAqCFA6SIAwA=,Midrange Hunter
killinallday,PRIEST,AAECAa0GCgm0A9MK1wq+yALCzgKQ0wLy8QKggAONggMKlwKhBNHBAtjBAuXMAvDPAujQAuPpAp/rApeHAwA=,Clone Priest
killinallday,ROGUE,AAECAaIHBqICrwT96gKe+ALn+gKFigMMjALLA9QF9QXdCIHCAp/CAuvCAsrDAtHhAovlAqbvAgA=,Odd Rogue
killinallday,WARRIOR,AAECAQcI+QzTxQLPxwKL4QLD6gKS+AKe+AKggAMLS6ICkwSiBP8Hm8ICoscCyucCg/sCjvsCnvsCAA==,Odd Warrior
klei,MAGE,AAECAf0ECvsMysMC08UCws4Cm9MC8tMCw+oCo+sCoIADwI8DCk2KAckD7AebwgKWxwLX4QKW5AK+7AK38QIA,Big Spell Mage
klei,PRIEST,AAECAa0GCgm0A9MK1wq+yALCzgKQ0wLy8QKggAONggMKlwKhBNHBAtjBAuXMAvDPAujQAuPpAp/rApeHAwA=,Clone Priest
klei,WARLOCK,AAECAf0GDtsGzAj5DMrDAtPFApfTAtjnApfoAtvpAsPqApz4AqCAA4CKA8CPAwiKAbYHm8IC58sC8tACiNIC6OcClugCAA==,Control Warlock
klei,WARRIOR,AAECAQcI+QzTxQLPxwLD6gKS+AKe+AKggAPsiQMLS6ICkwSiBJvCAqLHAovhAsrnAoP7Ao77Ap77AgA=,Odd Warrior
Kuonet,HUNTER,AAECAR8MjQHHA4cEyQS7BZ3MAt/SAobTAuHjAsn4AqeCA5uFAwmoArUDgQqOwwLd0gLj0gKL5QKghQOkiAMA,Secret Hunter
Kuonet,MAGE,AAECAf0ECPsM08UCm8sCws4Cm9MC8tMCo+sCoIADC02KAckD7AebwgLKwwKWxwLV4QLX4QKW5AK38QIA,Big Spell Mage
Kuonet,WARLOCK,AAECAfqUAwb7B6bOAsLOApfTAurmAs30AgyKAfIF+waKB7YH4QeNCOfLAvHQAv3QAojSAtjlAgA=,Even Warlock
Kuonet,WARRIOR,AAECAQcI+QzTxQLPxwKL4QLD6gKS+AKe+AKggAMLS6ICkwSiBP8Hm8ICoscCyucCg/sCjvsCnvsCAA==,Odd Warrior
leomane,HUNTER,AAECAR8MjQHHA4cEyQS7BZ3MAt/SAobTAuHjAsn4AqeCA5uFAwmoArUDgQqOwwLd0gLj0gKL5QKghQOkiAMA,Secret Hunter
leomane,MAGE,AAECAf0EDIoBxQT7DMrDAtPFApvLAsLOApvTAqPrAqbwArfxAqCAAwlNuwLJA+wHm8IClscC1eEC1+ECluQCAA==,Big Spell Mage
leomane,WARRIOR,AAECAQcGogLTwwKd8ALy8QKe+AKggAMMS6IE/webwgLKwwKixwLK5wKq7ALl7wKO+wKe+wLYjAMA,Odd Quest Warrior
Level9001,HUNTER,AAECAR8IhwSAB8UI2wnp0gKG0wKbhQOiigMLjQGoArUDyQSXCN3SAt/SAuPSAuHjAurjAof7AgA=,Spell Hunter
Level9001,MAGE,AAECAf0ECNPFAqDOAsLOApvTAvLTAqPrArfxAqCAAwtNigHJA+wHm8IClscC29MC1eEC1+ECluQCvuwCAA==,Big Spell Mage
Level9001,PRIEST,AAECAa0GBMUE08UCkNMCl4cDDZACoQTlBPYHjQjyDNHBAsnHAujQAsvmAvzqAr3zAuiJAwA=,Control Priest
Level9001,ROGUE,AAECAYO6AgbIA68EyssC/eoCnvgC5/oCDIwCywPUBfUF3QiBwgKfwgLrwgLKwwLR4QKL5QKm7wIA,Odd Rogue
lii,HUNTER,AAECAR8I+AjGwgKG0wKc4gK26gKA8wKggAObigMLjQGXCKvCAtjCApzNAtPNAt3SAovhAuHjAvLxArn4AgA=,Deathrattle Hunter
lii,PALADIN,AAECAZ8FCrcE8gX6BooHucECws4Ct+kCzfQC6/cC/fsCCtwD9AXPBq8H9gf+B5YJs8ECiMcClugCAA==,Even Paladin
lii,ROGUE,AAECAaIHBsgDrwT96gKe+ALn+gL6/gIMjALLA9QF9QXdCIHCAp/CAuvCAsrDAtHhAovlAqbvAgA=,Odd Rogue
lii,SHAMAN,AAECAfe5AgggmQKswgLzwgLCzgL27AKn7gLN9AILvQHTAf4F2QfwB5HBApvLApboApTvArDwAoqAAwA=,Even Shaman
lnguagehackr,DRUID,AAECAZICBPnAAv3rAsX9ApaKAw3pAf4B0wPEBqQH9gf7DJLSApjSAp7SAr/yAo/2AsaGAwA=,Mecha'thun Druid
lnguagehackr,PRIEST,AAECAa0GBooBiAXtBdEKlsQCpvACDPsB5QTRwQLYwQLwzwLo0AKp4gKC9wKh/gLQ/gLxgAOXhwMA,Turvy OTK Priest
lnguagehackr,WARLOCK,AAECAf0GCO0F08UCkMcCzukCnPgC8fsCoIADj4IDC5wCxAj7DJfBAufLAvLQAojSAsfTApboAtf+AteJAwA=,Mecha'thun Warlock
LuigEzz,HUNTER,AAECAR8IhwTJBP4M3dIC39IChtMCgPMCp4IDC54BqAK1A8cD6weXCI7DAp3MAtfNAuPSAovlAgA=,Secret Hunter
LuigEzz,PALADIN,AAECAZ8FDLcE8gWWBvoGigeWCbnBAsLOArfpAs30Auv3Av37AgncA/QFzwavB/YH/gezwQKIxwKW6AIA,Even Paladin
LuigEzz,ROGUE,AAECAaIHBq8EyssC/eoCnvgC5/oC+v4CDIwCywPUBfUF3QiBwgKfwgLrwgLKwwLR4QKL5QKm7wIA,Odd Rogue
LuigEzz,WARLOCK,AAECAf0GBooB+wemzgLCzgKX0wLN9AIM8gX7BooHtgfhB40I58sC8dAC/dACiNIC2OUC6uYCAA==,Even Warlock
Mazzu,HUNTER,AAECAYoWBocEuwWG0wKY8AKnggObhQMMqAK1A8cD3gSBCo7DAp3MAt/SAuPSAovlAqCFA6SIAwA=,Secret Hunter
Mazzu,PALADIN,AAECAZ8FDLcE8gX6Bv4Hlgm5wQLCzgK36QLN9ALr9wL9+wLvhgMJ3AP0Bc8GigevB/YHs8ECiMcClugCAA==,Even Paladin
Mazzu,ROGUE,AAECAaIHBqICrwTKwwKe+ALH+ALn+gIMjALLA9QF9QXdCIHCAp/CAuvCAsrLAtHhAovlAqbvAgA=,Odd Rogue
Mazzu,SHAMAN,AAECAaoICiCZAvIF/gWKB/PCAsLOAvbsAqfuAs30Agq9AdMB2QfwB5HBApvLApboApTvArDwAoqAAwA=,Even Shaman
MJM,HUNTER,AAECAR8MjQHHA4cEyQS7Ba4GncwC39IChtMCyfgCp4IDm4UDCagCtQOBCo7DAt3SAuPSAovlAqCFA6SIAwA=,Secret Hunter
MJM,PALADIN,AAECAaToAgSvBJXOAv3qAp74Ag1G8AP1BfkKm8IC68ICg8cCuMcC48sC+9MC0eEC1uUC7vcCAA==,Odd Paladin
MJM,WARLOCK,AAECAf0GBooBycICl9MC2+kCnPgCoIADDJME9wS2B+EHm8IC58sC8tAC+NACiNICi+EC/OUC6OcCAA==,Cube Warlock
MJM,WARRIOR,AAECAQcKogK6BNPDAtPFAsPqApruApL4Ap74AoP7AqCAAwpLogT/B5vCAsrDAqLHAsrnAqrsAo77Ap77AgA=,Odd Quest Warrior
Monsanto,HUNTER,AAECAR8MjQHHA4cEyQS7BcUIncwC39IChtMCyfgCp4IDm4UDCagCtQOBCo7DAt3SAuPSAovlAqCFA6SIAwA=,Secret Hunter
Monsanto,PRIEST,AAECAa0GBsUEysMC08UCkNMCifECvfMCDJACoQTlBPYHjQjVCvIM0cECyccC6NACy+YC/OoCAA==,Control Priest
Monsanto,WARLOCK,AAECAcn1AgaKAfsHws4Cl9MCzfQCwI8DDPIF+waKB7YH4QeNCOfLAvHQAv3QAojSAtjlAurmAgA=,Even Warlock
muzzy,HUNTER,AAECAR8MjQGHBMkE3gS7Bd3SAt/SAobTAuHjAsn4AqeCA5uFAwmoArUDxwOBCo7DAuPSAovlAqCFA6SIAwA=,Secret Hunter
muzzy,PRIEST,AAECAZ/HAgrFBNUK08UCyccCkNMCifECvfMC4/cC6IkD7IkDCpACoQTlBPYHjQjyDNHBAujQAsvmAvzqAgA=,Control Priest
muzzy,ROGUE,AAECAaIHCIgFigf8wQKGwgKA0wLP4QLD6gLg+gILxAGcAu0CnwObBdQFhgmXwQLH0wLb4wL27AIA,Quest Rogue
N0lan,DRUID,AAECAZICCLQDkwTEBuQImdMCm+gC5PsC9fwCC0Bf6QH+AdMDoM0Ch84CmNICntIC29MCv/ICAA==,Malygos Druid
N0lan,HUNTER,AAECAR8I+AjGwgLTxQKG0wKc4gK26gKA8wKggAMLjQGXCKvCAtjCApzNAtPNAt3SAovhAuHjAvLxArn4AgA=,Deathrattle Hunter
N0lan,PRIEST,AAECAa0GCAm0A77IAsLOApDTAvLxAqCAA42CAwuXAqEE0cEC2MEC5cwC8M8C6NAC4+kCn+sCgvcCl4cDAA==,Clone Priest
N0lan,WARLOCK,AAECAf0GCJME8gXJwgKX0wL85QLb6QKc+AKggAMLigH3BLYH4QebwgLnywLy0AL40AKI0gKL4QLo5wIA,Cube Warlock
Nalguidan,HUNTER,AAECAR8KjQHHA4cEyQS7BZ3MAt/SAobTAqeCA5uFAwqoArUDgQqOwwLd0gLj0gKL5QLJ+AKghQOkiAMA,Secret Hunter
Nalguidan,PRIEST,AAECAZ/HAgoJtAPTCr7IAubMAsLOAvLxAoL3AqCAA42CAwqXAqEE0cEC2MEC5cwC8M8C6NAC4+kCn+sCl4cDAA==,Clone Priest
Nalguidan,ROGUE,AAECAaIHBqICyAOvBJ74Auf6Avr+AgyMAssD1AX1Bd0IgcICn8IC68ICysMC0eECi+UCpu8CAA==,Odd Rogue
noblord,DRUID,AAECAZICBPnAAv3rAsX9ApaKAw3pAf4B0wPEBqQH9gf7DJLSApjSAp7SAr/yAo/2AsaGAwA=,Mecha'thun Druid
noblord,PRIEST,AAECAa0GBogF7QXRCpbEAqCAA+aIAwz7AeUE0cEC2MEC8M8C6NACqeICgvcCof4C0P4C8YADl4cDAA==,Turvy OTK Priest
noblord,WARLOCK,AAECAf0GCO0FtgeQxwLO6QKc+ALx+wKggAOPggMLnALECPsMl8EC58sC8tACiNICx9MClugC1/4C14kDAA==,Mecha'thun Warlock
Plantz,HUNTER,AAECAR8MjQHHA4cEyQS7Ba4GncwC39IChtMCyfgCp4IDm4UDCagCtQOBCo7DAt3SAuPSAovlAqCFA6SIAwA=,Secret Hunter
Plantz,MAGE,AAECAf0ECMrDApvLAsLOApvTAvLTAqPrAqCAA+yJAwtNyQPsB/sMm8IC08UClscC1eEC1+ECluQCt/ECAA==,Big Spell Mage
Plantz,PRIEST,AAECAa0GCMUE1QrKwwLTxQKQ0wKJ8QLsiQPolAMLkAKhBOUEjQjyDNHBAsnHAujQAsvmAvzqAuiJAwA=,Control Priest
Plantz,WARRIOR,AAECAQcI+QzTxQLPxwKdzgLD6gKS+AKe+AKggAMLS6ICkwSiBJvCAqLHAovhAsrnAoP7Ao77Ap77AgA=,Odd Warrior
PNC,HUNTER,AAECAYoWCvgIxsICysMC08UChtMCnOICtuoCy+wCgPMCoIADCo0BlwirwgLYwgKczQLd0gKL4QLh4wLy8QK5+AIA,Deathrattle Hunter
PNC,PRIEST,AAECAa0GCgm0A9MKvsgC5swCws4C8vECgvcCoIADjYIDCpcCoQTRwQLYwQLlzALwzwLo0ALj6QKf6wKXhwMA,Clone Priest
PNC,ROGUE,AAECAYO6Agi0Ac0DhsICgNMCz+ECw+oC4PoCoIADC8QBnALtAp8D1AWGCZfBAvzBAsfTAtvjAvbsAgA=,Quest Rogue
Purple,HUNTER,AAECAR8KjQHHA4cErgadzALf0gKG0wLJ+AKnggObhQMKqAK1A8UIgQqOwwLd0gLj0gKL5QKghQOkiAMA,Secret Hunter
Purple,PALADIN,AAECAZ8FCu0FucECycICq9ACjtMCneIC/fsC8f4CoIADvYYDCvsB3AP0Bc8G9geIxwLjywL40gKL4QKRgAMA,Deathrattle Paladin
Purple,PRIEST,AAECAa0GBsUE08UCkNMCifECvfMC4/cCDJACoQTlBPYHjQjVCvIM0cECyccC6NACy+YC/OoCAA==,Control Priest
Purple,WARLOCK,AAECAfqUAwb7B6bOAsLOApfTAurmAs30AgyKAfIF+waKB7YH4QeNCOfLAvHQAv3QAojSAtjlAgA=,Even Warlock
Qwerty97,HUNTER,AAECAR8MjQHHA4cEyQS7BZ3MAt/SAobTAuHjAsn4AqeCA5uFAwmoArUDgQqOwwLd0gLj0gKL5QKghQOkiAMA,Secret Hunter
Qwerty97,PRIEST,AAECAa0GCMUE1Qr7DMrDAtPFApDTAonxAr3zAguQAqEE5QT2B40I8gzRwQLJxwLo0ALL5gL86gIA,Control Priest
Qwerty97,ROGUE,AAECAaIHBsgDrwT96gKe+ALn+gKFigMMjALLA9QF9QXdCIHCAp/CAuvCAsrDAtHhAovlAqbvAgA=,Odd Rogue
Qwerty97,WARLOCK,AAECAf0GBvsHps4Cws4Cl9MC6uYCzfQCDIoB8gX7BooHtgfhB40I58sC8dAC/dACiNIC2OUCAA==,Even Warlock
Rami94,HUNTER,AAECAR8MjQHHA4cEyQS7BZ3MAt/SAobTAuHjAsn4AqeCA5uFAwmoArUDgQqOwwLd0gLj0gKL5QKghQOkiAMA,Secret Hunter
Rami94,PRIEST,AAECAa0GBMUE+wyQ0wKJ8QINkAKhBOUE9geNCPIM0cECyccC6NACy+YC/OoCvfMC6IkDAA==,Control Priest
Rami94,ROGUE,AAECAYO6AgivBMrDAsrLAovlAv3qAp74Auf6AoWKAwuMAssD1AX1Bd0IgcICn8IC68IC0eECpu8C+v4CAA==,Odd Rogue
Rami94,WARLOCK,AAECAf0GBooB+wfCzgKX0wLN9ALAjwMM8gX7BooHtgfhB40I58sC8dAC/dACiNIC2OUC6uYCAA==,Even Warlock
Rase,HUNTER,AAECAR8MjQHHA4cEyQS7BZ3MAt/SAobTAuHjAsn4AqeCA5uFAwmoArUDgQqOwwLd0gLj0gKL5QKghQOkiAMA,Secret Hunter
Rase,MAGE,AAECAf0EDIoBxQT7DMrDAtPFApvLAsLOApvTAqPrAqbwArfxAqCAAwlNuwLJA+wHm8IClscC1eEC1+ECluQCAA==,Big Spell Mage
Rase,WARRIOR,AAECAQcGogLTwwKd8ALy8QKe+AKggAMMS6IE/webwgLKwwKixwLK5wKq7ALl7wKO+wKe+wLYjAMA,Odd Quest Warrior
rayC ,HUNTER,AAECAR8MxwOHBMkE3gS7BdsJncwC39IChtMCyfgCp4IDm4UDCagCtQOBCo7DAt3SAuPSAovlAqCFA6SIAwA=,Secret Hunter
rayC ,MAGE,AAECAc2xAgjQAtPFApvTAsPqAp74AqCAA6aHA6iHAwvsB5vCAuvCAtvTAtfhArfxAsP4Ar36AqSHA82JA+yMAwA=,Odd Mage
rayC ,PALADIN,AAECAZ8FCrcE8gX6BooHucECws4Ct+kCzfQC6/cC/fsCCtwD9AXPBq8H9gf+B5YJs8ECiMcClugCAA==,Even Paladin
rayC ,WARLOCK,AAECAf0GCIoBigf7B/gMps4Cws4Cl9MCzfQCC/IF+wa2B+EHjQjnywLx0AL90AKI0gLY5QLq5gIA,Even Warlock
SargentoSC,HUNTER,AAECAR8MjQHHA4cEyQS7BZ3MAt/SAobTAuHjAsn4AqeCA5uFAwmoArUDgQqOwwLd0gLj0gKL5QKghQOkiAMA,Secret Hunter
SargentoSC,SHAMAN,AAECAfe5AhCXwQLTxQLPxwKbywLR0wKc4gLD6gKn7gLv9wKZ+wKggAOKhQPLhQPBiQPsiQPzigMH/gX/BcfBApvCArHEAsnHAvPnAgA=,Shudderwock Shaman
SargentoSC,WARRIOR,AAECAQcGogLTwwKd8ALy8QKe+AKggAMMS6IE/webwgLKwwKixwLK5wKq7ALl7wKO+wKe+wLYjAMA,Odd Quest Warrior
seohyun628,HUNTER,AAECAR8I+AjtCdPFAobTApziArbqAoDzAqCAAwuNAZcIq8IC2MICnM0C080C3dICi+EC4eMC8vECufgCAA==,Deathrattle Hunter
seohyun628,PALADIN,AAECAZ8FCp8D7QW5wQLjywKO0wLj4wLD6gL9+wK9hgPshgMKugH7AdwD9AXPBvYHiMcC7dIC+NICz4YDAA==,OTK DK Paladin
seohyun628,PRIEST,AAECAa0GCgm0A9cKvsgC5swCws4C8vECoIADjYIDl4cDCpcCoQTRwQLYwQLlzAK0zgLwzwLo0ALj6QKf6wIA,Clone Priest
seohyun628,WARLOCK,AAECAcn1AgrtBcQI08UCkMcC6uYCzukCnPgC8fsCoIADj4IDCpwC+wyXwQLnywLy0AKI0gLH0wKW6ALX/gLXiQMA,Mecha'thun Warlock
Smokedsalmon,HUNTER,AAECAR8MjQHHA4cEyQS7BZ3MAt/SAobTAuHjAsn4AqeCA5uFAwmoArUDgQqOwwLd0gLj0gKL5QKghQOkiAMA,Secret Hunter
Smokedsalmon,MAGE,AAECAf0ECIoBysMCws4Cm9MCw+oCo+sCoIADwI8DC03JA+wHm8IC08UClscC1eEC1+ECluQCvuwCt/ECAA==,Big Spell Mage
Smokedsalmon,PALADIN,AAECAYsWDLcE8gX6BooH/ge5wQKbywLCzgK36QLN9ALr9wL9+wIJ3AP0Bc8Grwf2B5YJs8ECiMcClugCAA==,Even Paladin
Smokedsalmon,ROGUE,AAECAaIHBrICrwT1BcrDAp74Auf6AgyMAssD1AXdCIHCAuvCAsrLAtHhAovlAqbvAsf4Avr+AgA=,Odd Rogue
SoLegit,HUNTER,AAECAR8MjQHHA4cEyQS7BZ3MAt/SAobTAuHjAsn4AqeCA5uFAwmoArUDgQqOwwLd0gLj0gKL5QKghQOkiAMA,Secret Hunter
SoLegit,MAGE,AAECAf0EDIoB0AL7DMrDAtPFAqDOAsLOApvTAvLTAqPrAqCAA8CPAwlNyQPsB5vCApbHAtfhApbkAurmArfxAgA=,Big Spell Mage
SoLegit,PRIEST,AAECAa0GBsUE1QrKwwLTxQKQ0wKXhwMMkAKhBOUEjQjyDNHBAsnHAujQAsvmAvzqAonxAuiJAwA=,Control Priest
SoLegit,WARLOCK,AAECAf0GCIoB+wemzgKnzgLCzgKX0wLq5gLN9AIL8gX7BooHtgfhB40I58sC8dAC/dACiNIC2OUCAA==,Even Warlock
Solojazz,HUNTER,AAECAR8MjQHHA4cEyQS7Ba4GncwC39IChtMCyfgCp4IDm4UDCagCtQOBCo7DAt3SAuPSAovlAqCFA6SIAwA=,Secret Hunter
Solojazz,PALADIN,AAECAZ8FCu0FucEC7dICjtMC4+MCw+oC/fsCvYYDz4YDzocDCroB+wHcA/QFzwb2B4jHAuPLAvjSAuyGAwA=,OTK DK Paladin
Solojazz,PRIEST,AAECAa0GBsUE1QrKwwLTxQKQ0wKXhwMMkAKhBOUEjQjyDNHBAsnHAujQAsvmAvzqAonxAuiJAwA=,Control Priest
Solojazz,ROGUE,AAECAaIHBsgDrwSe+ALn+gL6/gKFigMMjALLA9QF9QXdCIHCAp/CAuvCAsrDAtHhAovlAqbvAgA=,Odd Rogue
Spiral,DRUID,AAECAZICCP4BlNICmdMCm+gC/esCmu4Cv/IC5PsCC0Bf6QHEBqDNAofOApjSAp7SAtvTAoTmAvnmAgA=,Mill Druid
Spiral,PRIEST,AAECAa0GCAm0A77IAsLOApDTAvLxAqCAA42CAwuXAqEE1wrRwQLYwQLlzALwzwLo0ALj6QKf6wKXhwMA,Clone Priest
Spiral,WARLOCK,AAECAcn1AgrtBZDHApfTAvzlAurmAs7pAtvpApz4AvH7AqCAAwqcAsQIysMC58sC8tAC+NACiNIC6OcCt/EC1/4CAA==,Mecha'thun Warlock
Spiral,WARRIOR,AAECAQcG08MC08UCoscCze8CnvgCoIADDEuiBP8Hm8ICysMCyucCquwC5e8CnfACjvsCnvsC2IwDAA==,Odd Quest Warrior
Starfruit,HUNTER,AAECAR8GogLeBLsF2wmG0wLJ+AIMjQGoArUDlwjtCYEKjsMC3dIC4eMCi+UCoIUDpIgDAA==,Midrange Hunter
Starfruit,PRIEST,AAECAa0GCpACxQTVCvsMysMC08UCkNMCifECvfMC7IkDCqEE5QT2B40I8gzRwQLJxwLo0ALL5gL86gIA,Control Priest
Starfruit,ROGUE,AAECAaIHBqICrwT96gKe+ALn+gKFigMMjALLA9QF9QXdCIHCAp/CAuvCAsrDAtHhAovlAqbvAgA=,Odd Rogue
Starfruit,WARRIOR,AAECAQcIkwT5DNPFAs/HAsPqApL4Ap74AqCAAwtLogKiBP8Hm8ICoscCi+ECyucCg/sCjvsCnvsCAA==,Odd Warrior
StormFever,HUNTER,AAECAR8GlwidzALp0gKG0wKbhQOiigMMjQGoArUDhwTJBMUI3dIC39IC49IC4eMC6uMCh/sCAA==,Spell Hunter
StormFever,PALADIN,AAECAYsWAu73Ap74Ag5G8AP1BfkKm8IC68ICg8cCuMcC48sClc4C+9MC0eEC1uUC1v4CAA==,Odd Paladin
StormFever,PRIEST,AAECAZ/HAgTFBIoHkNMC7IkDDaEE5QT2B40I8gzRwQLJxwLo0ALL5gL86gK98wLoiQPolAMA,Control Priest
StormFever,WARRIOR,AAECAQcI3gX5DNPFAs/HAsPqApL4Ap74AqCAAwtLogKTBKIE/webwgKixwLK5wKD+wKO+wKe+wIA,Odd Warrior
SwaggyG,HUNTER,AAECAR8GogLeBLsF2wmG0wLJ+AIMjQGoArUDlwjtCYEKjsMC3dIC4eMCi+UCoIUDpIgDAA==,Midrange Hunter
SwaggyG,PRIEST,AAECAa0GCpACxQTVCvsMysMC08UCkNMCifECvfMC7IkDCqEE5QT2B40I8gzRwQLJxwLo0ALL5gL86gIA,Control Priest
SwaggyG,ROGUE,AAECAaIHBqICrwT96gKe+ALn+gKFigMMjALLA9QF9QXdCIHCAp/CAuvCAsrDAtHhAovlAqbvAgA=,Odd Rogue
SwaggyG,WARRIOR,AAECAQcI+QzTxQLPxwKL4QLD6gKS+AKe+AKggAMLS6ICkwSiBP8Hm8ICoscCyucCg/sCjvsCnvsCAA==,Odd Warrior
Tarei,HUNTER,AAECAYoWDI0BxwOHBMkEuwWuBp3MAt/SAobTAsn4AqeCA5uFAwmoArUDgQqOwwLd0gLj0gKL5QKghQOkiAMA,Secret Hunter
Tarei,PALADIN,AAECAZ8FCrcE8gX6BooHucECws4Ct+kCzfQC6/cC/fsCCtwD9AXPBq8H9gf+B5YJs8ECiMcClugCAA==,Even Paladin
Tarei,PRIEST,AAECAa0GCgm0A9MK1wq+yALCzgKQ0wLy8QKggAONggMKlwKhBNHBAtjBAuXMAvDPAujQAuPpAp/rApeHAwA=,Clone Priest
Tarei,ROGUE,AAECAaIHCLQBzQOGwgKA0wLP4QLD6gLg+gKggAMLxAGcAu0CnwPUBYYJl8EC/MECx9MC2+MC9uwCAA==,Quest Rogue
TheChosenGuy,HUNTER,AAECAR8G+AjtCYbTArbqAoDzAqCAAwyNAfYHlwirwgLYwgKGwwKczQLd0gKL4QLh4wLy8QK5+AIA,Deathrattle Hunter
TheChosenGuy,MAGE,AAECAf0EBtAC08UCws4Cm9MCo+sCpvACDE2KAckD7AebwgKWxwLV4QLX4QKW5AK+7AK38QLD+AIA,Big Spell Mage
TheChosenGuy,PALADIN,AAECAZ8FCLnBAsnCAtPFAqvQAo7TAtn+AvH+AqCAAwvcA/QFzwb2B48Js8ECm8ICiMcCi+EC4f4CkYADAA==,Deathrattle Paladin
TheChosenGuy,PRIEST,AAECAa0GCAm0A+0FvsgCtM4Cws4CoIADjYIDC5cCoQTTCtHBAtjBAuXMAvDPAujQAuPpAp/rApeHAwA=,Clone Priest
Tincho,HUNTER,AAECAR8MjQHHA4cEyQS7BZ3MAt/SAobTAuHjAsn4AqeCA5uFAwmoArUDgQqOwwLd0gLj0gKL5QKghQOkiAMA,Secret Hunter
Tincho,PALADIN,AAECAaToAgq3BPIFlgb6Bv4HucECws4CzfQC6/cC/fsCCtwD9AXPBooHrwf2B5YJs8ECiMcClugCAA==,Even Paladin
Tincho,PRIEST,AAECAZ/HAgbFBPYHysMC08UCyccCkNMCDJACoQTlBI0I1QryDNHBAujQAsvmAvzqAonxAuiJAwA=,Control Priest
Tincho,WARLOCK,AAECAfqUAwiTBOEHycICws4Cl9MCneIC2+kCoIADC4oB9wS2B+fLAvLQAvjQAojSAovhAvzlAurmAujnAgA=,Cube Warlock
topopablo11,DRUID,AAECAZICCLQDxQTEBuQImdMCm+gC5PsC9fwCC0Bf6QH+AdMDoM0Ch84CmNICntIC29MCv/ICAA==,Malygos Druid
topopablo11,HUNTER,AAECAR8EogK7BdsJhtMCDY0BqAK1A94ElwiBCo7DAt3SAuHjAovlAsn4AqCFA6SIAwA=,Midrange Hunter
topopablo11,PRIEST,AAECAa0GBsUE1QrKwwLTxQLKywKQ0wIMkAKhBOUEjQjyDNHBAsnHAujQAsvmAvzqAonxAuiJAwA=,Control Priest
topopablo11,ROGUE,AAECAaIHBqICrwSe+ALn+gL6/gKFigMMjALLA9QF9QXdCIHCAp/CAuvCAsrDAtHhAovlAqbvAgA=,Odd Rogue
UchihaSaske,HUNTER,AAECAR8MjQHHA4cEyQS7Ba4GncwC39IChtMCyfgCp4IDm4UDCagCtQOBCo7DAt3SAuPSAovlAqCFA6SIAwA=,Secret Hunter
UchihaSaske,PRIEST,AAECAa0GCsUE9gfVCtPFApDTAonxAr3zAuiJA+yJA+iUAwqQAqEE5QSNCPIM0cECyccC6NACy+YC/OoCAA==,Control Priest
UchihaSaske,ROGUE,AAECAaIHBsgDrwTKwwKe+ALn+gL6/gIMjALLA9QF9QXdCIHCAp/CAuvCAsrLAtHhAovlAqbvAgA=,Odd Rogue
UchihaSaske,WARLOCK,AAECAf0GCIoH+wf4DKbOAsLOApfTAs30AoCKAwvyBfsGtgfhB40I58sC8dAC/dACiNIC2OUC6uYCAA==,Even Warlock
villain,HUNTER,AAECAR8KjQHHA4cEyQS7BZ3MAt/SAobTAqeCA5uFAwqoArUDgQqOwwLd0gLj0gKL5QLJ+AKghQOkiAMA,Secret Hunter
villain,PALADIN,AAECAZ8FCJ8D7QW5wQKO0wLj4wLD6gL9+wK9hgMLugH7AdwD9AXPBvYHiMcC48sC7dIC+NICz4YDAA==,OTK DK Paladin
villain,PRIEST,AAECAa0GBsUE1Qr7DNPFApDTApeHAwyQAqEE5QT2B40I8gzRwQLJxwLo0ALL5gL86gK98wIA,Control Priest
villain,WARLOCK,AAECAf0GBMLOApfTAs30AsCPAw2KAfIF+waKB7YH4Qf7B40I58sC8dAC/dACiNIC2OUCAA==,Even Warlock
Wrackle,HUNTER,AAECAR8MjQHHA4cEyQS7Ba4GncwC39IChtMCyfgCp4IDm4UDCagCtQOBCo7DAt3SAuPSAovlAqCFA6SIAwA=,Secret Hunter
Wrackle,PALADIN,AAECAZ8FCrcE+gaKB7nBAqbOAsLOArfpAs30Auv3Av37AgrcA/QFzwavB/YH/gezwQKIxwKbywKW6AIA,Even Paladin
Wrackle,PRIEST,AAECAZ/HAgbFBNUK+wzKwwLTxQKQ0wIMkAKhBOUE9geNCPIM0cECyccC6NACy+YC/OoCvfMCAA==,Control Priest
Wrackle,WARLOCK,AAECAf0GBooH+wemzgLCzgKX0wLN9AIMigHyBfsGtgfhB40I58sC8dAC/dACiNIC2OUC6uYCAA==,Even Warlock
zaguios,HUNTER,AAECAR8MjQHHA4cEyQS7Ba4GncwC39IChtMCyfgCp4IDm4UDCagCtQOBCo7DAt3SAuPSAovlAqCFA6SIAwA=,Secret Hunter
zaguios,PRIEST,AAECAa0GCMUEigelCdMK+wygzgKQ0wKJ8QILoQTlBPYHjQjVCvIM0cECyccC6NACy+YCvfMCAA==,Control Priest
zaguios,ROGUE,AAECAaIHBK8EnvgC5/oC+v4CDYwCywPUBfUF3QiBwgKfwgLrwgLKwwLKywLR4QKL5QKm7wIA,Odd Rogue
zaguios,WARLOCK,AAECAf0GCIoB+wegzgKmzgLCzgKX0wLq5gLN9AIL8gX7BooHtgfhB40I58sC8dAC/dACiNIC2OUCAA==,Even Warlock
Zamos,DRUID,AAECAZICBuQI+cACntIC/esCxf0ClooDDOkB/gHTA8QGpAf2B/sMktICmNICv/ICj/YCxoYDAA==,Mecha'thun Druid
Zamos,PRIEST,AAECAa0GBsUE1Qr7DMrDAtPFApDTAgyQAqEE5QT2B40I8gzRwQLJxwLo0ALL5gL86gK98wIA,Control Priest
Zamos,ROGUE,AAECAaIHBrICyAOvBJ74Auf6Avr+AgyMAssD1AX1Bd0IgcICn8IC68ICysMC0eECi+UCpu8CAA==,Odd Rogue
Zamos,WARLOCK,AAECAf0GCJME8gWX0wKd4gKW6ALb6QKc+AKggAMLigH3BLYH4QfnywLy0AL40AKI0gKL4QL85QLo5wIA,Cube Warlock
Zeh,HUNTER,AAECAR8K+AjGwgLKwwLTxQLTzQKG0wKc4gK26gKA8wKggAMKjQGXCKvCAtjCApzNAt3SAovhAuHjAvLxArn4AgA=,Deathrattle Hunter
Zeh,PALADIN,AAECAZ8FCu0FucECycICq9ACjtMCneIC/fsC8f4CoIADvYYDCvsB3AP0Bc8G9geIxwLjywL40gKL4QKRgAMA,Deathrattle Paladin
Zeh,PRIEST,AAECAa0GCAm0A77IAsLOApDTAvLxAqCAA42CAwuXAqEE5QTRwQLYwQLlzALwzwLo0ALj6QKf6wKXhwMA,Clone Priest
Zeh,WARLOCK,AAECAfqUAwiTBPIFycICl9MCneIC6uYC2+kCoIADC4oB9wS2B+EH58sC8tAC+NACiNICi+EC/OUC6OcCAA==,Cube Warlock
zlsjs,HUNTER,AAECAR8KjQHHA4cEyQS7BZ3MAt/SAobTAqeCA5uFAwqoArUDgQqOwwLd0gLj0gKL5QLJ+AKghQOkiAMA,Secret Hunter
zlsjs,PALADIN,AAECAZ8FCO0Frwe5wQKO0wLj4wLD6gL9+wK9hgMLugH7AdwD9AXPBvYHiMcC48sC7dIC+NICz4YDAA==,OTK DK Paladin
zlsjs,PRIEST,AAECAa0GBsUE1Qr7DNPFApDTApeHAwyQAqEE5QT2B40I8gzRwQLJxwLo0ALL5gL86gK98wIA,Control Priest
zlsjs,WARLOCK,AAECAf0GBvsHps4Cws4Cl9MCzfQCwI8DDIoB8gX7BooHtgfhB40I58sC8dAC/dACiNIC2OUCAA==,Even Warlock
